"sigla","pais","grupo_idh","regiao","ranking_idh","idh","idh_ev","idh_ee","idh_me","idh_rpc","gdi","gdi_idh_f","gdi_ev_f","gdi_ee_f","gdi_me_f","gdi_rpc_f","gdi_idh_m","gdi_ev_m","gdi_ee_m","gdi_me_m","gdi_rpc_m","extra_ap_f","extra_ap_m","extra_ft_f","extra_ft_m","extra_co2","extra_pop"
"AFG","Afeganistão","Baixo","Ásia do Sul",182,0.462,62.879,10.70538475,2.514790058,1335.205733,0.622,0.332443297,66.213,8.053256911,1.174129963,395.9154586,0.534144723,59.766,13.22844948,3.912739992,2256.217507,27.21518987,72.78481013,23.33,77.09,0.306318324,41.128771
"ALB","Albânia","Alto","Europa e Ásia Central",74,0.789,76.833,14.48746967,10.12114431,15293.32651,0.977,0.780277105,79.472,14.68103981,9.811468219,13198.53956,0.798432468,74.502,14.29220009,10.43385538,17398.00369,35.71428571,64.28571429,56.08,69.91,1.717757671,2.842321
"DZA","Argélia","Alto","Países Árabes",93,0.745,77.129,15.48787975,6.987443608,10978.40571,0.881,0.681844236,78.457,16.26417923,6.490567748,3841.656612,0.773800103,75.853,14.74388027,7.481537359,17858.79078,7.00525394,92.99474606,17.57,65.53,4.079540189,44.903225
"AND","Andorra","Muito Alto",NA,35,0.884,83.552,12.7837801,11.61343956,54233.44948,NA,NA,85.838,12.76506042,11.52258968,NA,NA,81.43,12.81062984,11.70438004,NA,46.42857143,53.57142857,NA,NA,4.593592631,0.079824
"AGO","Angola","Mediano","África Sub-sahariana",150,0.591,61.929,12.1676,5.844291601,5327.788251,0.905,0.560890287,64.541,11.5354,4.462809114,4696.356687,0.619679764,59.351,12.9099,7.1879602,5973.845631,33.63636364,66.36363636,74.73,78.16,0.507358992,35.588987
"ATG","Antígua e Barbuda","Muito Alto","América Latina e Caribe",54,0.826,79.236,15.51232774,10.54622968,18783.96536,NA,NA,81.645,16.74628979,10.3442228,NA,NA,76.507,14.35053709,10.59597506,NA,31.42857143,68.57142857,NA,NA,6.401055579,0.093763
"ARG","Argentina","Muito Alto","América Latina e Caribe",48,0.849,76.064,18.97950935,11.14408016,22047.97131,0.995,0.841405452,79.277,20.91489983,11.39165974,16933.06291,0.845472815,72.851,17.13032913,10.85797977,27264.83091,44.3768997,55.6231003,52.08,71.74,4.190779468,45.510318
"ARM","Armênia","Alto","Europa e Ásia Central",76,0.786,73.372,14.40561008,11.33030033,15388.29976,1.026,0.795110468,78.447,14.81291008,11.32151985,13442.50133,0.774941834,67.866,14.02233982,11.34119034,17770.4153,35.51401869,64.48598131,62.8,71.84,2.531087713,2.780469
"AUS","Austrália","Muito Alto",NA,10,0.946,83.579,21.0800209,12.72681999,49257.1352,0.978,0.934601518,85.453,21.98143005,12.81058979,41131.47085,0.955940587,81.708,20.19375992,12.63971043,57495.77158,44.49339207,55.50660793,62.31,71.13,14.91476303,26.1774135
"AUT","Áustria","Muito Alto",NA,22,0.926,82.412,16.36746025,12.30571367,56529.66329,0.972,0.911591936,84.6,16.83849907,12.04894857,41899.21124,0.937756448,80.15,15.92267036,12.57887231,71616.2043,40.98360656,59.01639344,56.55,66.69,7.399461247,8.939617
"AZE","Azerbaijão","Alto","Europa e Ásia Central",89,0.76,73.488,12.71063042,10.55612992,15018.05443,0.961,0.743349756,76.249,12.67574024,10.21799194,11526.15794,0.773371293,70.55,12.74398041,10.91843537,18603.12947,18.33333333,81.66666667,61.9,69.6,3.717029937,10.358074
"BHS","Bahamas","Muito Alto","América Latina e Caribe",57,0.82,74.358,11.89137971,12.73161494,32534.88784,1.007,0.822293357,77.843,12.16470981,12.82493607,28374.91931,0.816891253,70.757,11.61521687,12.65641572,37084.66455,20,80,68.96,73.91,5.14996102,0.409984
"BHR","Barein","Muito Alto","Países Árabes",34,0.888,79.246,16.29968071,11.04658985,48731.44564,0.937,0.847333815,80.497,17.0064106,10.78437042,22722.17852,0.90429854,78.242,15.73036003,11.17325974,64699.53364,22.5,77.5,42.43,85.77,26.05303892,1.472233
"BGD","Bangladesh","Mediano","Ásia do Sul",129,0.67,73.698,11.94633007,7.379059792,6511.122178,0.914,0.63460476,76.012,12.40666962,6.755380154,3684.291333,0.694222638,71.514,11.50172043,8.020810127,9386.85327,20.85714286,79.14285714,39.15,81.39,0.583152966,171.1863725
"BRB","Barbados","Muito Alto","América Latina e Caribe",62,0.809,77.706,16.53069367,9.89206168,14810.23783,1.03,0.815370599,79.581,18.28634039,10.35100499,12594.97579,0.791955966,75.677,14.7716475,9.098828828,17213.53176,32.65306122,67.34693878,58.17,65.14,4.361308677,0.281635
"BLR","Bielorússia","Muito Alto","Europa e Ásia Central",69,0.801,73.246,13.98153019,12.24122445,18425.01061,1.003,0.801134982,78.384,13.91798019,12.26702163,14502.49303,0.798781621,68.09,14.04238033,12.20894866,23021.57386,34.70588235,65.29411765,65.79,75.26,6.362198529,9.5349545
"BEL","Bélgica","Muito Alto",NA,12,0.942,82.293,18.94573975,12.52857789,53644.03854,0.975,0.928892167,84.367,19.9310894,12.50440062,43720.35057,0.9522897,80.16,17.99295044,12.55379975,63804.35597,44.28571429,55.71428571,50.8,59.54,8.23913942,11.65593
"BLZ","Belize","Alto","América Latina e Caribe",118,0.7,70.962,12.42656994,8.847599983,9242.082259,0.982,0.691356814,74.685,12.80862045,9.042070389,6318.806742,0.704094307,67.721,12.05408001,8.652890205,12133.48464,19.56521739,80.43478261,48.56,75.61,1.755038984,0.4052725
"BEN","Benin","Baixo","África Sub-sahariana",173,0.504,59.954,10.30257988,3.137261725,3406.072937,0.848,0.461636484,61.676,9.462470055,2.059994265,2603.750395,0.544450366,58.265,11.12106991,4.401454468,4205.30987,7.407407407,92.59259259,51.59,67.8,0.639583531,13.352864
"BTN","Butão","Mediano","Ásia do Sul",125,0.681,72.229,13.06449041,5.835794662,10624.87388,0.97,0.669679955,74.152,13.59799871,5.211722545,9342.861603,0.690410405,70.57,12.55190209,6.330068068,11766.25908,15.71428571,84.28571429,53.48,73.45,1.366198234,0.782455
"BOL","Bolívia","Mediano","América Latina e Caribe",120,0.698,64.928,15.02243817,9.827750206,7987.842247,0.965,0.686215519,67.907,15.13321182,9.216730118,6726.868071,0.71118959,62.265,14.90989854,10.49209023,9242.926257,48.19277108,51.80722892,71.84,85.03,1.798596826,12.22411
"BIH","Bósnia-Herzegovina","Alto","Europa e Ásia Central",80,0.779,75.293,13.27705956,10.53631973,16571.41275,0.952,0.758684982,77.498,13.77554035,9.778189659,12419.85276,0.79727976,73.126,12.80607986,11.35262966,20853.11145,17.54385965,82.45614035,41.11,61.8,6.095489894,3.2335265
"BWA","Botsuana","Alto","África Sub-sahariana",114,0.708,65.913,11.42568016,10.42,14841.57836,0.998,0.706553532,68.399,11.77283955,10.36,13675.9711,0.70818007,63.328,11.08065033,10.47,16036.5159,11.11111111,88.88888889,60.06,69.71,2.370748521,2.630296
"BRA","Brasil","Alto","América Latina e Caribe",89,0.76,73.425,15.5788002,8.278307638,14615.89235,1,0.758197177,76.596,16.22303963,8.486056479,11291.52637,0.758060299,70.296,14.95001984,8.039534208,18061.22633,17.50841751,82.49158249,53.75,73.64,2.319857519,215.313498
"BRN","Brunei","Muito Alto","Ásia do Leste e Pacífico",55,0.823,74.551,13.69861984,9.22,59245.63485,0.983,0.81438208,76.791,14.17733955,9.23,44702.92641,0.828827421,72.509,13.25224972,9.23,72823.32823,9.090909091,90.90909091,54.89,71.65,25.37625765,0.4490015
"BGR","Bulgária","Alto",NA,70,0.799,71.528,13.86802959,11.41318035,25920.80375,0.995,0.796689706,75.08,14.12744999,11.50780964,20700.00207,0.800341486,68.278,13.62205982,11.30865955,31466.04791,24.16666667,75.83333333,50.57,63.11,6.14038782,6.781953
"BFA","Burkina Faso","Baixo","África Sub-sahariana",185,0.438,59.766,8.091560364,2.318685239,2036.997179,0.881,0.408973007,61.505,8.18846035,1.634014826,1453.770925,0.464030731,57.953,8.001529694,3.090802176,2624.118024,16.90140845,83.09859155,27.54,40.97,0.266000829,22.673762
"BDI","Burundi","Baixo","África Sub-sahariana",187,0.42,61.977,9.966378953,3.305215598,712.0260007,0.926,0.404064715,63.868,10.19314993,2.636837474,635.6426737,0.436317438,60.077,9.747024594,4.066341066,789.4561469,38.88888889,61.11111111,77.99,79.12,0.063739656,12.8895765
"CPV","Cabo Verde","Mediano","África Sub-sahariana",131,0.661,74.722,11.53066323,6.09003905,7601.085433,0.981,0.651791582,79.011,11.77959971,5.807281856,5731.943011,0.664166564,70.29,11.28772218,6.329140157,9491.323885,38.88888889,61.11111111,46.71,62.76,0.950563422,0.5931495
"KHM","Camboja","Mediano","Ásia do Leste e Pacífico",148,0.6,69.896,11.56094805,5.197100163,4291.113168,0.926,0.576517877,72.622,11.32613074,4.373630047,3562.784253,0.622698032,67.117,11.79576536,6.200459957,5034.254198,19.2513369,80.7486631,73.73,85.82,1.213483157,16.7678425
"CMR","Camarões","Mediano","África Sub-sahariana",151,0.587,60.958,13.38097793,6.537401781,3681.469988,0.9,0.555867233,62.556,12.67795079,5.633947949,3048.080792,0.617803051,59.392,14.08810474,7.557694411,4318.020666,31.07142857,68.92857143,66.82,76.83,0.378614686,27.9145365
"CAN","Canadá","Muito Alto",NA,18,0.935,82.847,15.96065044,13.86876597,48444.39319,0.988,0.92881357,84.797,16.53586006,13.96031896,39765.34331,0.93963864,80.868,15.41615009,13.77025173,57229.57642,35.03480278,64.96519722,61.48,69.5,14.0787192,38.454327
"CAF","República Centro Africana","Baixo","África Sub-sahariana",191,0.387,54.477,7.285887393,3.9531639,869.11237,NA,NA,56.829,6.094853701,2.656642005,NA,NA,52.258,8.441895364,5.414050624,NA,12.85714286,87.14285714,NA,NA,0.045672158,5.5791435
"TCD","Chade","Baixo","África Sub-sahariana",189,0.394,52.997,8.185526568,2.282753488,1388.897502,0.776,0.342368178,54.769,6.846322732,1.2932629,991.4082556,0.44124294,51.3,9.503698126,3.46862315,1783.317579,25.88832487,74.11167513,51.14,74.98,0.143576096,17.7233145
"CHL","Chile","Muito Alto","América Latina e Caribe",44,0.86,79.519,16.76792908,11.11136804,24430.99593,0.973,0.846799773,81.877,17.08077049,11.02533818,18611.52012,0.86998757,77.156,16.46307945,11.21349116,30337.00368,32.68292683,67.31707317,50.13,70.64,4.567606811,19.603733
"CHN","China","Alto","Ásia do Leste e Pacífico",75,0.788,78.587,15.21793605,8.106910446,18024.88747,0.962,0.771342655,81.343,15.65643534,7.543190438,13291.58537,0.802193998,75.963,14.83649776,8.670630455,22566.93868,24.94117647,75.05882353,53.76,74.54,7.9502786,1425.887337
"COL","Colômbia","Alto","América Latina e Caribe",91,0.758,73.659,14.43749046,8.862859726,15013.92724,0.998,0.756184811,77.143,14.67448044,9.016329765,12251.92566,0.758077817,70.319,14.20670033,8.697070122,17853.98777,29.15254237,70.84745763,51.11,76.21,1.858932279,51.874024
"COM","Comores","Mediano","África Sub-sahariana",152,0.586,63.68,13.03771042,6.209056832,3260.555466,0.914,0.558359817,66.061,13.37298971,5.222353096,2338.273418,0.61100987,61.522,12.74388235,7.306295772,4174.191881,16.66666667,83.33333333,41.13,59.35,0.50525483,0.8367735
"COG","Congo","Mediano","África Sub-sahariana",149,0.593,63.053,12.41647044,8.250552585,2902.808037,0.909,0.563692718,64.617,12.99831126,7.242174036,2085.221106,0.619818312,61.513,11.90996567,9.384527352,3722.266332,15.90909091,84.09090909,44.1,63.85,1.243341537,5.970424
"COD","República Democrática do Congo","Baixo","África Sub-sahariana",180,0.481,59.743,9.579486913,7.206164799,1080.138308,0.891,0.454266064,62.05,9.550751016,5.849373167,916.9209322,0.509688536,57.516,9.739098794,8.817830039,1245.928128,14.77832512,85.22167488,60.01,66.37,0.041094283,99.010212
"CRI","Costa Rica","Muito Alto","América Latina e Caribe",64,0.806,77.32,16.09200378,8.804059982,20248.38031,0.995,0.803380043,80.036,16.66074974,8.892390251,16531.18692,0.807468458,74.762,15.55136609,8.702249527,23964.72716,47.36842105,52.63157895,50.08,72.85,1.485363576,5.180829
"CIV","Costa do Marfim","Baixo","África Sub-sahariana",166,0.534,58.916,10.10165024,4.23697763,5376.396062,0.861,0.492226546,60.282,9.532830238,3.055541139,4063.05563,0.571796123,57.686,10.6576004,5.419369475,6664.736678,15.58073654,84.41926346,54.53,71.21,0.4268649,28.1605425
"HRV","Croácia","Muito Alto",NA,39,0.878,79.236,15.57269955,12.32871821,34323.80663,0.993,0.87481658,82,16.48468971,12.11152878,27572.96852,0.88084805,76.415,14.72340965,12.57882072,41433.25206,31.78807947,68.21192053,46.85,58.24,4.288182536,4.0303575
"CUB","Cuba","Alto","América Latina e Caribe",85,0.764,78.155,14.46930027,10.54807197,7953.448426,0.973,0.750389588,80.565,15.2621603,10.64826957,5571.103594,0.771034949,75.793,13.71632957,10.43816796,10372.96853,53.41296928,46.58703072,55.52,83.96,1.860332974,11.212191
"CYP","Chipre","Muito Alto",NA,29,0.907,81.889,16.24308968,12.44017029,40136.89453,0.977,0.89523945,83.673,16.64411926,12.41040993,31776.53303,0.916327617,80.068,15.84014034,12.47198009,48469.74499,14.28571429,85.71428571,59.63,71.07,5.64978926,1.2514885
"CZE","República Tcheca","Muito Alto",NA,32,0.895,78.129,16.3472805,12.91605342,39944.66682,0.988,0.888202714,81.22,16.93660927,12.77560331,30760.8669,0.898692097,75.106,15.79063034,13.06446025,49403.90584,23.48754448,76.51245552,52.16,67.89,9.196792884,10.493986
"DNK","Dinamarca","Muito Alto",NA,5,0.952,81.882,18.77403069,12.96049023,62018.95694,0.981,0.941874137,83.802,19.37519073,13.15695,51753.40967,0.959920139,79.958,18.19271088,12.76414967,72387.09453,43.57541899,56.42458101,59.42,67.42,5.057582197,5.8822615
"DJI","Djibouti","Baixo","Países Árabes",171,0.515,62.859,8.028374362,3.889984156,4874.51828,0.844,0.466363074,65.503,8.217637318,2.853793993,2306.84942,0.552363049,60.336,7.969712994,5.128992214,7480.589233,26.15384615,73.84615385,18.22,48.06,0.411412528,1.1208485
"DMA","Dominica","Alto","América Latina e Caribe",97,0.74,72.981,13.55048385,9.1863441,12467.85548,NA,NA,76.451,14.39806186,8.9922852,NA,NA,69.875,12.73423764,9.7163593,NA,34.375,65.625,NA,NA,2.096613821,0.0727375
"DOM","República Dominicana","Alto","América Latina e Caribe",82,0.766,74.17,13.55698967,9.150526383,18653.26836,1.029,0.775189681,77.536,14.77552032,9.559819495,14773.33355,0.753078886,71.044,12.3408699,8.726742414,22505.86309,25.67567568,74.32432432,50.86,76.93,2.139348057,11.228821
"ECU","Equador","Alto","América Latina e Caribe",83,0.765,77.894,14.86483955,8.969750404,10693.23484,0.99,0.760348324,80.481,15.3018198,8.920129776,9147.245608,0.768269604,75.313,14.44118023,9.026610374,12244.69524,38.68613139,61.31386861,53.57,76.93,2.23241865,18.001
"EGY","Egito","Alto","Países Árabes",105,0.728,70.159,12.91180992,9.84810224,12360.8163,0.884,0.664446666,72.557,12.79423046,10.22875714,3738.527047,0.752029092,67.869,13.0234499,9.570965578,20789.67605,22.78338945,77.21661055,15.34,69.1,2.259567808,110.990103
"SLV","El Salvador","Mediano","América Latina e Caribe",127,0.674,71.475,11.9099355,7.150929928,8886.173528,0.972,0.661702566,75.813,12.23986755,6.769279957,6244.001459,0.680679223,66.837,11.60951185,7.624269962,11794.02332,27.38095238,72.61904762,46.38,77.71,1.185857137,6.336392
"GNQ","Guiné Equatorial","Mediano","África Sub-sahariana",133,0.65,61.19,12.13132742,8.281327014,10662.65921,NA,NA,63.261,11.95497827,8.1781822,NA,NA,59.432,12.299904,8.384471829,NA,27.01149425,72.98850575,NA,NA,3.444060629,1.674908
"ERI","Eritréia","Baixo","África Sub-sahariana",175,0.493,66.604,7.318835512,5.09136442,1957.046464,NA,NA,68.678,6.863511833,3.975357679,NA,NA,64.457,7.777853741,5.712372783,NA,22,78,NA,NA,0.193472275,3.6840315
"EST","Estônia","Muito Alto",NA,31,0.899,79.155,15.94297981,13.54843044,37151.63384,1.022,0.907665242,82.987,16.80971909,13.78102016,31199.43533,0.888320068,74.983,15.13871002,13.2729702,43736.51894,25.74257426,74.25742574,60.63,71.38,7.842170661,1.326062
"SWZ","Suazilândia","Mediano","África Sub-sahariana",142,0.61,56.36,14.92692756,5.73,8391.855111,0.987,0.606335376,60.599,14.39192655,5.81,6958.217818,0.614108904,52.647,15.45966716,5.65,9847.944426,21.15384615,78.84615385,44.87,51.48,0.948945332,1.2016705
"ETH","Etiópia","Baixo","África Sub-sahariana",176,0.492,65.645,9.938743514,2.390854081,2368.758391,0.922,0.472012672,68.903,10.23005914,1.671867083,1762.089313,0.512007837,62.613,9.755085884,3.197108271,2969.746197,38.92508143,61.07491857,57.6,79.2,0.157292351,123.3799245
"FJI","Fiji","Alto","Ásia do Leste e Pacífico",104,0.729,68.312,13.84869,10.37096977,11233.65882,0.94,0.700314627,70.239,14.3983,10.43344021,6282.37104,0.744878562,66.465,13.34579,10.30622005,16158.24317,19.60784314,80.39215686,37.26,77.71,1.174224808,0.929766
"FIN","Finlândia","Muito Alto",NA,12,0.942,82.351,19.22859001,12.92915501,49522.09853,0.989,0.936606231,84.886,20.25945091,13.11326253,42302.02889,0.946922104,79.792,18.25875092,12.73550842,56913.94186,45.5,54.5,58.17,64.18,6.854598056,5.5407455
"FRA","França","Muito Alto",NA,28,0.91,83.229,15.98756027,11.68859246,47378.74304,0.986,0.903026661,85.967,16.40241051,11.53085299,38135.29845,0.915940604,80.356,15.58458042,11.86492408,57262.85695,36.43243243,63.56756757,52.52,60.18,4.753896411,64.626628
"GAB","Gabão","Mediano","África Sub-sahariana",123,0.693,65.694,12.43426472,9.55,11194.21884,0.982,0.682986627,68.359,12.5830284,10.42,7295.504913,0.695840439,63.361,12.28550104,8.7,14958.16542,18.0952381,81.9047619,34.71,56.19,2.51172593,2.3889925
"GMB","Gâmbia","Baixo","África Sub-sahariana",174,0.495,62.906,8.977899686,4.512420177,2089.626826,0.94,0.480911138,64.344,9.860675743,3.672250032,1792.142484,0.511417074,61.481,8.135247991,5.590479851,2390.054779,8.620689655,91.37931034,59,64.46,0.2867667,2.705992
"GEO","Geórgia","Muito Alto","Europa e Ásia Central",60,0.814,71.587,16.72682953,12.70217037,15952.02452,1.005,0.814951713,76.461,17.00892067,12.7620697,12236.81376,0.811037536,66.76,16.46575928,12.6304903,20140.8918,19.04761905,80.95238095,55.48,73.5,2.942032688,3.7443855
"DEU","Alemanha","Muito Alto",NA,7,0.95,80.989,17.34334946,14.25594044,55340.19722,0.966,0.931832488,83.487,17.36997986,13.99030018,41022.15306,0.964414308,78.512,17.31982994,14.53505039,70040.15019,34.82032218,65.17967782,56.13,66.59,8.138240833,83.369843
"GHA","Gana","Mediano","África Sub-sahariana",145,0.602,63.945,11.58627987,6.432318439,5380.271535,0.933,0.582637204,66.13,11.4822998,5.553439108,4793.640168,0.624513381,61.805,11.68865013,7.614237597,5969.912165,14.54545455,85.45454545,72.07,73.07,0.638570347,33.4758705
"GRC","Grécia","Muito Alto",NA,33,0.893,80.614,20.02638054,11.40853024,31381.667,0.969,0.878485673,83.317,20.19031906,11.09685993,24820.92808,0.906792282,78.022,19.89185905,11.74693966,38226.62689,21,79,44.67,60.36,5.510223913,10.384971
"GRD","Granada","Alto","América Latina e Caribe",73,0.793,75.335,16.58226156,9.85796464,13593.24958,0.976,0.781133019,78.298,17.12523042,9.79266232,9774.724657,0.800655201,72.588,16.06465362,9.92326696,17411.50054,31.03448276,68.96551724,37.65,54.31,2.647058824,0.1254375
"GTM","Guatemala","Mediano","América Latina e Caribe",136,0.629,68.674,10.76720388,5.668648013,8996.415822,0.931,0.604452189,71.754,10.64086602,5.204884199,6114.072504,0.649278859,65.697,10.89184573,6.253097976,11938.19197,19.375,80.625,41.53,82.79,1.117824857,17.843908
"GIN","Guiné","Baixo","África Sub-sahariana",181,0.471,58.985,10.20014763,2.35910296,2404.165832,0.818,0.421592477,60.238,9.130434204,1.402865117,1719.196362,0.515327208,57.643,11.23679054,3.446465852,3104.255804,29.62962963,70.37037037,44.6,66.95,0.359690645,13.8593405
"GNB","Guiné-Bissau","Baixo","África Sub-sahariana",179,0.483,59.861,10.5316806,3.673035,1879.853611,0.862,0.450957711,61.929,10.38217728,2.470246,1487.419019,0.523302804,57.671,11.59337933,5.062823,2282.042082,13.7254902,86.2745098,52.11,66.12,0.155794986,2.1055655
"GUY","Guiana","Alto","América Latina e Caribe",95,0.742,65.989,13.02205765,8.627408726,35782.90961,0.992,0.737710942,69.399,13.32177301,8.703121311,26504.52076,0.743418187,62.778,12.73665117,8.529075547,45454.04286,35.38461538,64.61538462,37.81,53.38,4.429587592,0.8087255
"HTI","Haiti","Mediano","América Latina e Caribe",158,0.552,63.728,11.13756869,5.609468426,2801.712516,0.929,0.530890335,66.695,11.08701137,5.093575575,2110.190095,0.571422628,60.892,11.188126,6.281492463,3506.197932,2.739726027,97.26027397,48.81,65.95,0.211870311,11.5849955
"HND","Honduras","Mediano","América Latina e Caribe",138,0.624,70.728,9.961707633,7.296200514,5271.604988,0.974,0.615904261,73.157,10.32103672,6.867461256,4694.873933,0.632366731,68.461,9.593739133,7.756288523,5837.184487,27.34375,72.65625,49.63,81.07,1.054158038,10.4328595
"HKG","China, Hong Kong","Muito Alto",NA,4,0.956,84.315,17.8495903,12.34776974,62485.50516,0.972,0.942671483,86.893,17.87204933,11.99598026,51562.96012,0.96951481,81.754,17.84137917,12.78872013,75269.83474,NA,NA,52.91,64.71,4.373241562,7.488865
"HUN","Hungria","Muito Alto",NA,47,0.851,74.958,15.07330036,12.24958992,34195.54059,0.989,0.845642227,78.309,15.42617989,12.09698963,27202.66704,0.854651999,71.552,14.73847008,12.42362022,41767.98773,14.07035176,85.92964824,53.68,67.75,5.001541744,9.9673075
"ISL","Islândia","Muito Alto",NA,3,0.959,82.815,19.10672951,13.76716995,54688.37921,0.975,0.945677273,84.288,20.50425911,13.86952972,45506.33897,0.969440078,81.382,17.83465958,13.67177963,63420.31049,47.61904762,52.38095238,70.7,78.29,9.478175166,0.3728985
"IND","Índia","Mediano","Ásia do Sul",134,0.644,67.744,12.58370972,6.570700169,6950.526798,0.852,0.582116956,69.384,12.60725021,5.529439926,2957.853786,0.683509529,66.257,12.56225967,7.625889778,10696.44788,14.63414634,85.36585366,28.26,76.14,1.899893859,1417.173173
"IDN","Indonésia","Alto","Ásia do Leste e Pacífico",112,0.713,68.25,13.97573724,8.556509972,12045.56544,0.94,0.68784301,70.437,14.07574064,8.206930161,8111.198281,0.731616717,66.181,13.88177094,8.912110329,15925.89053,21.91304348,78.08695652,52.5,81.45,2.249929938,275.501339
"IRN","Irã","Alto","Ásia do Sul",78,0.78,74.556,14.11717033,10.74618321,14770.32307,0.88,0.709665743,77.453,14.16625023,10.74479281,4139.827814,0.806166235,71.93,14.06774998,10.75073807,25191.93545,5.594405594,94.40559441,13.58,67.54,7.825883093,88.55057
"IRQ","Iraque","Mediano","Países Árabes",128,0.673,71.336,12.22275571,6.811878947,9091.865377,0.786,0.568529848,73.362,11.6435291,5.648159084,2086.880407,0.723617504,69.162,12.7723928,7.995557168,16070.25809,28.87537994,71.12462006,10.77,68.24,3.872579593,44.4961215
"IRL","Irlanda","Muito Alto",NA,7,0.95,82.716,19.12610054,11.6569568,87467.51391,0.991,0.94283834,84.412,19.47579956,11.86322577,66876.42142,0.951391575,81.017,18.77157974,11.43763109,108423.6108,27.39726027,72.60273973,59.4,70.51,7.529751173,5.0231085
"ISR","Israel","Muito Alto",NA,25,0.915,82.601,15.02984047,13.44279092,43588.25725,0.991,0.909960997,84.508,15.58275986,13.49055743,37414.65081,0.917964595,80.625,14.49588013,13.39140912,49792.14767,23.33333333,76.66666667,61.15,68.54,6.162801842,9.038309
"ITA","Itália","Muito Alto",NA,30,0.906,84.057,16.65806007,10.7401104,44284.15735,0.969,0.889609164,86,17.14426994,10.60560989,31412.84197,0.918484781,81.974,16.2088604,10.8870697,57808.10521,33.00330033,66.99669967,40.69,58.08,5.692573044,59.037474
"JAM","Jamaica","Alto","América Latina e Caribe",115,0.706,70.629,12.45977059,9.248188719,9694.522766,1.016,0.709739831,72.737,13.58827636,9.859584688,7647.112734,0.698557952,68.532,11.37668741,8.602610175,11774.95699,30.95238095,69.04761905,56.04,69.93,2.337027155,2.827377
"JPN","Japão","Muito Alto",NA,24,0.92,84.82,15.45631981,12.66923046,43643.86417,0.968,0.903613096,87.832,15.42416954,12.3520298,33478.22333,0.933381383,81.782,15.48670959,13.01966953,54395.40942,15.4494382,84.5505618,54.2,71.4,8.523454263,123.951692
"JOR","Jordânia","Alto","Países Árabes",99,0.736,74.215,12.62659427,10.44668007,9294.801499,0.863,0.661558113,76.675,12.88729797,10.07157993,2752.787924,0.766688653,72.12,12.37726514,10.8373003,15380.3539,13.33333333,86.66666667,13.81,60.71,2.033264689,11.2858685
"KAZ","Casaquistão","Muito Alto","Europa e Ásia Central",67,0.802,69.489,14.81626987,12.43337895,22586.79889,0.998,0.799245143,72.995,15.02602959,12.45658094,18595.14333,0.801206388,65.776,14.61163998,12.40757382,26889.65873,24.67532468,75.32467532,63.3,74.6,13.2911398,19.397998
"KEN","Quênia","Mediano","África Sub-sahariana",146,0.601,62.055,11.38448201,7.686359882,4807.716317,0.948,0.584533654,64.686,11.3814695,7.109600067,3976.574003,0.616722811,59.579,11.39047431,8.342940331,5653.521006,24.75961538,75.24038462,62.85,72.58,0.461419049,54.027487
"KIR","Kiribati","Mediano","Ásia do Leste e Pacífico",137,0.628,67.661,11.80302,9.128581569,3440.416745,0.849,0.555173243,69.386,12.42732,9.292067793,1099.924275,0.653814373,65.731,11.25373,8.965095345,5903.401423,6.666666667,93.33333333,16.11,73.04,0.534002204,0.1312315
"PRK","Coréia do Norte",NA,"Ásia do Leste e Pacífico",NA,NA,73.578,NA,NA,NA,NA,NA,76.146,NA,NA,NA,NA,70.973,NA,NA,NA,17.61280932,82.38719068,NA,NA,1.976608651,26.0694165
"KOR","Coréia do Sul","Muito Alto",NA,19,0.929,84.024,16.50964928,12.61409234,46026.4542,0.948,0.900442755,87.101,16.13555908,11.97633078,31062.94566,0.949875454,80.695,16.84387016,13.25834512,61036.76288,18.6440678,81.3559322,55.04,73.66,11.88642384,51.8158095
"KWT","Kuwait","Muito Alto","Países Árabes",49,0.847,80.264,15.6911416,7.441742908,56729.18152,1.014,0.847552134,82.752,17.84918291,8.272894602,28017.72588,0.835979298,78.878,13.82607425,7.039573868,75231.9156,6.25,93.75,44.41,88.45,24.30127757,4.268873
"KGZ","Quirguistão","Alto","Europa e Ásia Central",117,0.701,70.484,12.99493027,11.96131992,4781.692046,0.975,0.689893361,74.929,13.15699005,11.88298442,3442.104307,0.707296353,66.218,12.83446026,12.04857289,6170.485612,20.45454545,79.54545455,52.49,78.01,1.445185572,6.630623
"LAO","Laos","Mediano","Ásia do Leste e Pacífico",139,0.62,68.999,10.18749046,5.94697053,7744.837346,0.919,0.593276278,71.164,10.00139046,4.995009421,6379.81054,0.64528511,66.94,10.36781025,6.917600722,9088.32332,21.95121951,78.04878049,61.47,70.76,3.147046548,7.529475
"LVA","Letônia","Muito Alto",NA,37,0.879,75.927,16.55606079,13.33330305,32082.98104,1.022,0.88656922,80.088,17.2518692,13.64862723,26344.50355,0.867729074,71.49,15.8921299,12.97307424,38715.98288,30,70,55.61,67.89,3.863827625,1.850651
"LBN","Líbano","Alto","Países Árabes",109,0.723,74.416,12.05109224,8.602969077,12313.42257,0.928,0.689545665,76.597,12.79566002,8.047852662,6545.545361,0.743431443,72.237,11.29957437,9.158085491,18438.82237,6.25,93.75,29.81,70.17,4.19696919,5.4897395
"LSO","Lesoto","Baixo","África Sub-sahariana",168,0.521,53.036,11.07051125,7.545058784,2708.731464,0.999,0.519217112,55.923,11.38711406,8.189024107,2128.814223,0.519562728,50.319,10.75514209,6.809400799,3304.367697,25.97402597,74.02597403,51.55,64.95,1.087245239,2.3058255
"LBR","Libéria","Baixo","África Sub-sahariana",177,0.487,61.1,10.46585369,5.318104412,1330.419917,0.86,0.450796583,62.392,10.14880276,3.62626494,1162.707312,0.524471625,59.796,10.81455135,7.249448013,1499.483837,9.708737864,90.29126214,43.51,50.05,0.166607104,5.302681
"LBY","Líbia","Alto","Países Árabes",92,0.746,72.151,13.977117,7.77860643,19751.56758,0.988,0.738708929,74.759,14.80444533,8.435953453,12072.92702,0.747568012,69.736,13.472613,7.18500215,27248.02915,16.47058824,83.52941176,32.76,59.86,9.491235476,6.812341
"LIE","Liechtenstein","Muito Alto",NA,12,0.942,84.656,15.46640015,12.351169,146673.2415,0.949,0.924162866,86.129,14.51823997,12.09086443,114828.8343,0.97429544,83.019,16.43499947,14.0497124,179045.0686,28,72,52.79,67.26,3.736776044,0.039327
"LTU","Lituânia","Muito Alto",NA,37,0.879,74.293,16.39982986,13.49810028,38131.23588,1.028,0.89090865,79.13,17.05356026,13.58351994,33011.65837,0.866628773,69.492,15.7968998,13.39519978,43911.68251,28.36879433,71.63120567,58.84,67.71,4.962838906,2.750055
"LUX","Luxemburgo","Muito Alto",NA,20,0.927,82.591,14.19705009,12.9600811,78554.2364,0.993,0.920482138,84.77,14.31556988,12.93417865,66697.04897,0.927310681,80.445,14.08835983,12.96266954,90255.76002,33.33333333,66.66666667,57.99,65.09,13.18539513,0.647599
"MDG","Madagáscar","Baixo","África Sub-sahariana",177,0.487,65.23,9.213435879,4.592520237,1463.547925,0.945,0.472722095,67.617,9.330857735,4.292349815,1223.858425,0.499980323,62.97,9.0995213,4.935460091,1702.256419,17.75147929,82.24852071,78.81,88.91,0.147556758,29.611714
"MWI","Malauí","Baixo","África Sub-sahariana",172,0.508,62.898,11.50487088,5.243740082,1432.472806,0.926,0.488791013,66.326,11.5095995,4.292150021,1191.301915,0.527854022,59.58,11.4867303,6.395669937,1687.144463,22.91666667,77.08333333,63.14,74.55,0.104496076,20.4053165
"MYS","Malásia","Muito Alto","Ásia do Leste e Pacífico",63,0.807,76.26,12.93247032,10.74828052,27295.41224,0.973,0.79442232,78.799,13.39496994,10.6902567,19262.03981,0.816079158,73.955,12.49645996,10.80320965,34983.46792,14.49275362,85.50724638,55.08,80.47,8.305928592,33.9382215
"MDV","Maldivas","Alto","Ásia do Sul",87,0.762,80.839,12.17795095,7.762392544,18846.79219,0.976,0.748232807,81.844,13.33348102,7.869674371,12160.7956,0.767000753,80.065,11.23151446,7.655778428,23783.29128,4.597701149,95.40229885,53.34,78.21,3.299409156,0.523787
"MLI","Mali","Baixo","África Sub-sahariana",188,0.41,59.417,7.037249603,1.626710057,2043.672433,0.83,0.368306614,60.832,6.4333433,1.135959983,1332.552257,0.444000261,58.068,7.500483095,2.161859989,2741.074418,28.57142857,71.42857143,51.51,84.99,0.316284199,22.5935905
"MLT","Malta","Muito Alto",NA,25,0.915,83.704,15.86133957,12.21026039,44464.03057,0.98,0.903457283,85.703,16.6119709,12.00041962,33971.44852,0.922135095,81.644,15.20273018,12.40596962,54099.17102,27.84810127,72.15189873,56.13,71.22,3.050225155,0.533286
"MHL","Ilhas Marshall","Alto","Ásia do Leste e Pacífico",102,0.731,65.146,16.38606071,12.81836718,6855.234566,0.945,0.707670091,67.092,17.01634026,12.74359657,4517.831534,0.74847358,63.546,15.80325031,12.89313779,9096.156737,6.060606061,93.93939394,37.34,61.23,3.63686088,0.041569
"MRT","Mauritânia","Baixo","África Sub-sahariana",164,0.54,64.691,8.051850319,4.754063344,5343.564069,0.874,0.502660511,66.447,8.160340309,4.11278431,3052.60059,0.574914848,62.965,7.957449913,5.779904924,7726.989095,20.26143791,79.73856209,30.99,65.71,0.965357551,4.736139
"MUS","Maurício","Alto","África Sub-sahariana",72,0.796,73.975,14.61009979,9.992049863,23251.62071,0.976,0.783594284,77.128,15.18282986,9.864661688,15593.82944,0.802880193,70.963,14.05863953,10.05361404,31124.12841,20,80,42.21,68.37,3.149474754,1.299469
"MEX","México","Alto","América Latina e Caribe",77,0.781,74.832,14.50529957,9.221050262,19138.00726,0.979,0.769920342,78.161,14.95950031,9.096670151,13547.80665,0.786801205,71.547,14.05300045,9.358039856,25008.11956,49.84076433,50.15923567,45.03,76.31,3.699878374,127.5041255
"FSM","Micronésia","Mediano","Ásia do Leste e Pacífico",135,0.634,70.925,12.615048,7.33252398,3709.154916,0.95,0.614999084,74.823,12.74115867,6.8911421,2651.536437,0.647233381,67.325,12.48893733,7.7825449,4755.53135,7.142857143,92.85714286,45.01,65.95,1.351795706,0.114164
"MDA","Moldávia","Alto","Europa e Ásia Central",86,0.763,68.621,14.90598011,11.8338152,12963.61829,1.033,0.776246379,73.32,15.38689041,11.87922207,12271.91157,0.751398863,64.217,14.44299984,11.78249767,13724.75298,40.59405941,59.40594059,71.5,73.71,1.828185213,3.272996
"MCO","Mônaco",NA,NA,NA,NA,86.895,18.6915194,NA,NA,NA,NA,88.881,19.38840748,NA,NA,NA,85.055,18.05397828,NA,NA,33.33333333,66.66666667,39.51,56.61,NA,0.036469
"MNG","Mongólia","Alto","Ásia do Leste e Pacífico",96,0.741,72.667,14.51719515,9.423700333,10350.86141,1.032,0.751138056,77.375,15.2856874,9.949589729,8099.013995,0.727754095,68.079,13.77597532,8.847709656,12639.57587,17.10526316,82.89473684,53.48,68.4,11.42747646,3.398366
"MNE","Montenegro","Muito Alto","Europa e Ásia Central",50,0.844,76.845,15.08475971,12.61621288,22513.26314,0.978,0.833396974,80.262,15.55858994,12.0696905,17543.32196,0.852441413,73.48,14.63002968,13.19888451,27749.88278,27.16049383,72.83950617,44.41,57.82,3.67088789,0.6270825
"MAR","Marrocos","Mediano","Países Árabes",120,0.698,74.973,14.59442043,6.05,7954.522461,0.851,0.62769515,77.177,14.49855042,5.14,2967.813616,0.73722659,72.896,14.68883991,6.98,12875.95846,21.3592233,78.6407767,19.8,69.6,1.959225801,37.4579705
"MOZ","Moçambique","Baixo","África Sub-sahariana",183,0.461,59.625,10.72532345,3.860090017,1219.241361,0.929,0.443026083,62.688,10.32496843,3.228760004,1059.588454,0.477108277,56.529,11.12771273,4.394440174,1384.984659,42.4,57.6,73.94,80.05,0.22416011,32.9695185
"MMR","Mianma","Mediano","Ásia do Leste e Pacífico",144,0.608,67.256,12.06090998,6.518157697,4037.705141,0.941,0.582895575,70.478,12.32135567,6.195670039,2545.032167,0.619449409,64.18,11.33528763,6.924247023,5544.449482,14.97659906,85.02340094,44.17,78.56,0.66209607,54.179306
"NAM","Namíbia","Mediano","África Sub-sahariana",142,0.61,58.059,11.75997928,7.243458294,9200.026599,1.006,0.61186765,61.704,11.74091522,7.515436441,7827.178397,0.608128294,54.592,11.76220292,6.957704422,10672.50566,35.61643836,64.38356164,54.12,61.19,1.475168873,2.5670125
"NRU","Nauru","Mediano","Ásia do Leste e Pacífico",122,0.696,64.014,12.56089218,9.247975,14938.55659,1.037,0.708418745,67.841,14.37941093,9.327438733,11557.62601,0.683031041,60.52,11.04382186,9.168511267,18213.35695,10.52631579,89.47368421,56.79,73.63,4.278315083,0.012668
"NPL","Nepal","Mediano","Ásia do Sul",146,0.601,70.484,12.64451981,4.485598758,4025.554685,0.885,0.56228259,72.364,12.82380009,3.424288376,2608.972525,0.635119215,68.608,12.46627045,5.71329857,5563.52862,33.83233533,66.16766467,27.91,54.95,0.520339794,30.54758
"NLD","Holanda","Muito Alto",NA,10,0.946,82.451,18.58348083,12.58162975,57278.31015,0.96,0.925345508,83.904,18.94418907,12.3527298,44138.75911,0.964330297,80.944,18.23270988,12.81820965,70575.20185,37.77777778,62.22222222,63.58,72.35,7.99391099,17.564014
"NZL","Nova Zelândia","Muito Alto",NA,16,0.939,83.006,19.68234062,12.94468975,43665.49848,0.97,0.923885929,84.726,20.16286087,12.93587971,34940.48724,0.952721713,81.251,19.19734955,12.95394039,52542.06324,50.42016807,49.57983193,66.9,75.87,6.690024635,5.1852885
"NIC","Nicarágua","Mediano","América Latina e Caribe",130,0.669,74.615,12.58347787,7.26,5426.50618,0.949,0.647449551,77.556,12.26851409,7.54,3596.019567,0.6821586,71.613,12.83280479,6.95,7310.893926,51.64835165,48.35164835,48.61,81.06,0.78595264,6.948392
"NER","Níger","Baixo","África Sub-sahariana",189,0.394,62.08,7.186131428,1.341352433,1283.309235,0.826,0.353647715,63.401,6.492571987,0.965615989,892.9687724,0.428138733,60.816,7.857345925,1.772790407,1662.527106,25.90361446,74.09638554,64.56,96.49,0.120343462,26.2079765
"NGA","Nigéria","Baixo","África Sub-sahariana",161,0.548,53.633,10.51407,7.585969925,4754.836408,0.886,0.514786405,53.968,10.2043,6.556469917,4110.221793,0.580873335,53.295,10.83738,8.700360298,5385.706047,4.47761194,95.52238806,77.04,85.66,0.614401064,218.5412115
"MKD","Macedônia","Alto","Europa e Ásia Central",83,0.765,73.888,13.00483036,10.22815037,16395.75173,0.95,0.74369174,76.16,13.4289999,9.653639793,11525.75224,0.783022218,71.733,12.60997009,10.8074398,21296.31224,41.66666667,58.33333333,42.22,64.14,3.65558424,2.0935985
"NOR","Noruega","Muito Alto",NA,2,0.966,83.393,18.63846016,13.06234279,69189.76165,0.986,0.957147512,85.055,19.5213604,13.21011267,61067.47743,0.970415403,81.718,17.80384064,12.91269245,77164.33022,44.9704142,55.0295858,62.53,69.59,7.573540802,5.434319
"OMN","Omã","Muito Alto","Países Árabes",59,0.819,73.935,12.96403027,11.89274979,32967.43827,0.937,0.780083394,76.046,13.46502972,12.27042007,13055.18531,0.832785671,72.356,12.58940983,11.69499016,45769.09652,9.941520468,90.05847953,34.97,83.84,15.67723806,4.576298
"PAK","Paquistão","Baixo","Ásia do Sul",164,0.54,66.431,7.89510849,4.422319019,5374.270423,0.834,0.479544875,68.918,7.336258257,3.928515917,2120.097428,0.574877828,64.134,8.426956754,4.793410015,8571.08282,20.13574661,79.86425339,24.53,80.67,0.965638962,235.8248625
"PLW","Palau","Alto","Ásia do Leste e Pacífico",71,0.797,65.362,17.21987569,13.04790021,19343.81199,1.007,0.802126774,69.314,18.34244991,13.34296124,15158.95089,0.796834796,62.2,16.88344295,12.75283918,23217.78239,6.896551724,93.10344828,59.82,73.61,12.30304039,0.0180545
"PSE","Palestina","Alto","Países Árabes",111,0.716,73.444,13.15474033,9.938480377,6936.258684,0.88,0.648750215,75.948,13.95713997,9.916460037,2133.98822,0.73707141,71.024,12.35840988,9.960129738,11758.99805,NA,NA,18.58,70.73,0.667726135,5.250072
"PAN","Panamá","Muito Alto","América Latina e Caribe",57,0.82,76.826,13.21381473,10.68696295,32029.36025,1.017,0.826278511,80.091,13.86388663,10.94374988,27610.88808,0.812639239,73.726,12.58595392,10.40059663,36447.35037,22.53521127,77.46478873,49.71,76.98,2.690641599,4.4085805
"PNG","Papua Nova Guiné","Mediano","Ásia do Leste e Pacífico",154,0.568,65.958,11.12736798,4.933631146,3710.326885,0.927,0.54619893,69.172,10.52003111,4.215786493,3218.98017,0.589011335,63.378,11.70354792,5.658960236,4171.434912,1.739130435,98.26086957,46.01,48.01,0.798668307,10.1426185
"PRY","Paraguai","Alto","América Latina e Caribe",102,0.731,70.475,13.91056957,8.861840248,13161.07522,0.994,0.727869625,73.571,14.58406313,8.856229782,10348.65536,0.732240438,67.645,13.27027902,8.867710114,15954.05195,16.8,83.2,59.06,82.38,1.381977592,6.780744
"PER","Peru","Alto","América Latina e Caribe",87,0.762,73.385,14.80487907,10.01696229,11916.35952,0.952,0.742111156,75.495,14.88586691,9.449307529,9515.281407,0.779496671,71.332,14.72138383,10.59717016,14365.2136,40,60,66.73,82.43,1.674913573,34.0495885
"PHL","Filipinas","Alto","Ásia do Leste e Pacífico",113,0.71,72.187,12.78335953,8.971409559,9058.840558,0.966,0.694156215,74.174,13.21805954,9.24822052,6178.765308,0.718281318,70.218,12.37481022,8.691971992,11850.59109,27.46268657,72.53731343,44.06,68.77,1.253546618,115.559009
"POL","Polônia","Muito Alto",NA,36,0.881,76.996,15.93451977,13.1647501,35150.9519,1.009,0.884045116,80.796,16.7074604,13.34002972,27366.28107,0.875937118,73.233,15.1922102,12.96819973,43446.29766,27.5,72.5,50.09,65.51,8.642569909,39.8571455
"PRT","Portugal","Muito Alto",NA,42,0.874,82.24,16.82140923,9.575940132,35314.99828,0.998,0.872538804,84.93,17.07019997,9.607560158,31845.37525,0.874035328,79.308,16.57933044,9.538669586,39198.81947,36.95652174,63.04347826,54.7,63.12,3.881234231,10.270865
"QAT","Catar","Muito Alto","Países Árabes",40,0.875,81.559,13.26426983,10.1317219,95944.37754,1.027,0.892561376,83.101,15.28956032,11.79638314,47963.67663,0.869100423,80.626,12.64908981,9.737610384,114134.8423,4.444444444,95.55555556,61.73,95.33,39.88427351,2.695122
"ROU","Romênia","Muito Alto",NA,53,0.827,74.117,14.50753021,11.36019615,31641.38368,0.981,0.817798791,77.619,15.04965019,11.09125994,22594.6875,0.833503726,70.724,13.99917984,11.65099415,41297.21764,18.88412017,81.11587983,42.29,62.04,3.993603248,19.6592665
"RUS","Rússia (Federação Russa)","Muito Alto",NA,56,0.821,70.116,15.66174936,12.41152954,26991.84961,1.021,0.829113224,75.702,15.84734259,12.48219967,21781.1736,0.811700148,64.689,15.48440459,12.32425976,33000.80885,17.77059774,82.22940226,55.53,70.33,11.79848928,144.713314
"RWA","Ruanda","Baixo","África Sub-sahariana",161,0.548,67.129,11.38352013,4.878310204,2316.809277,0.921,0.523555778,69.244,11.49433041,4.522069931,1662.218331,0.568669607,64.813,11.28065968,5.351920128,3000.009352,54.71698113,45.28301887,54.76,66.21,0.115399861,13.7766975
"KNA","São Cristóvão e Nevis","Muito Alto","América Latina e Caribe",51,0.838,72.027,18.40703011,10.8494008,28441.68074,NA,NA,75.666,19.72978973,11.1219032,NA,NA,68.682,17.04659081,10.5768984,NA,31.25,68.75,NA,NA,4.672520271,0.0476575
"LCA","Santa Lúcia","Alto","América Latina e Caribe",108,0.725,71.294,12.71032047,8.576973425,14778.3463,1.013,0.728905001,74.887,13.39239979,8.837794323,11815.12887,0.719471901,68.005,12.05115986,8.326679395,17806.87554,24.13793103,75.86206897,62.66,75.83,2.594252189,0.1798575
"VCT","São Vicente e Granadinas","Alto","América Latina e Caribe",81,0.772,68.972,16.2530213,10.99625387,14049.14799,NA,NA,71.731,16.42287899,11.03757668,NA,NA,66.693,16.09251246,10.98694817,NA,18.18181818,81.81818182,NA,NA,2.267377219,0.1039475
"WSM","Samoa","Alto","Ásia do Leste e Pacífico",116,0.702,72.598,12.4364,11.36735585,4970.232074,0.968,0.686605036,75.333,12.98814,11.76791141,3314.285804,0.709133201,70.146,11.93062,10.95704259,6562.379682,12.96296296,87.03703704,49.8,80.63,1.153480463,0.222382
"SMR","San Marino","Muito Alto",NA,43,0.867,83.433,12.40295982,10.52074301,57686.54334,0.966,0.852912779,84.733,11.98106003,10.6984396,50410.10236,0.883209541,82.036,12.88761044,10.51924979,65363.01089,33.33333333,66.66666667,70.36,70.58,NA,0.0336605
"STP","São Tome e Príncipe","Mediano","África Sub-sahariana",141,0.613,68.794,12.6637182,5.915788918,4054.106945,NA,NA,71.938,12.93469946,5.273353992,NA,NA,66.054,12.4790407,6.690563659,NA,14.54545455,85.45454545,NA,NA,0.653094703,0.2273795
"SAU","Arábia Saudita","Muito Alto","Países Árabes",40,0.875,77.905,15.17204484,11.31052971,50620.43706,0.928,0.832017761,79.525,15.52692067,10.73622036,24647.00035,0.896577417,76.666,14.817169,11.67045021,69723.10773,19.86754967,80.13245033,34.46,79.64,17.56422655,36.40882
"SEN","Senegal","Baixo","África Sub-sahariana",169,0.517,67.913,9.144550323,2.88736686,3463.806076,0.925,0.495771393,70.2,9.885959625,2.344075379,2256.290564,0.5361777,65.473,8.420060158,3.749680778,4711.642134,44.24242424,55.75757576,39.31,68.37,0.683799933,17.316449
"SRB","Sérvia","Muito Alto","Europa e Ásia Central",65,0.805,74.137,14.50444031,11.5047611,19494.00891,0.986,0.799076289,76.975,15.19604015,11.18731102,15909.29829,0.810054566,71.276,13.84924984,11.85118344,23388.21081,36.55462185,63.44537815,50.97,66.1,6.017170065,7.2213655
"SYC","Seichelles","Muito Alto","África Sub-sahariana",67,0.802,71.738,13.89179039,11.19995,28385.74806,1.064,0.828841854,76.042,15.44649982,12.03576,24755.95126,0.778751744,68.237,12.60849953,10.36414,31650.50554,22.85714286,77.14285714,65.23,65.25,6.223478694,0.1071185
"SLE","Serra Leoa","Baixo","África Sub-sahariana",184,0.458,60.411,9.016348244,3.519426358,1612.666542,0.885,0.432336767,61.693,9.446272874,2.426674879,1325.681618,0.488413833,59.115,8.966736887,4.805853409,1898.409207,12.32876712,87.67123288,48.28,55.91,0.131795192,8.605718
"SGP","Cingapura","Muito Alto","Ásia do Leste e Pacífico",9,0.949,84.133,16.90273094,11.92488003,88761.14559,0.991,0.945324824,86.295,17.03401947,11.62705994,76610.8678,0.95407755,81.981,16.81064034,12.2547102,99844.2365,29.12621359,70.87378641,63.37,77,9.397481258,5.9756885
"SVK","Eslováquia","Muito Alto",NA,45,0.855,75.33,14.72154999,13.00719575,32171.24606,1.002,0.855647033,78.813,15.27138042,12.98776118,26633.64435,0.853861092,71.929,14.19748974,13.02834917,37966.64017,21.33333333,78.66666667,56.18,67.25,6.455440557,5.643453
"SVN","Eslovênia","Muito Alto",NA,22,0.926,82.133,17.40657997,12.88015724,41586.89849,0.999,0.923820774,84.616,18.34461021,12.93550703,35263.69953,0.924914759,79.626,16.58584023,12.82303929,47842.54054,33.07692308,66.92307692,54.25,63.58,6.16209228,2.119844
"SLB","Ilhas Salomão","Mediano","Ásia do Leste e Pacífico",156,0.562,70.742,10.30071445,5.8796802,2273.311097,0.959,0.554388815,72.358,11.0673969,5.509549573,1997.656674,0.57817317,69.294,9.664592558,6.84283385,2537.394949,8,92,82.94,85.98,0.426699969,0.7242725
"SOM","Somália","Baixo","Países Árabes",193,0.38,56.107,7.647232333,1.900300026,1072.201461,0.769,0.327082937,58.233,7.5813078,0.885770023,578.2964179,0.425210819,54.072,8.34582125,2.914999962,1563.454431,20.73170732,79.26829268,22.32,49.31,0.038125863,17.597511
"ZAF","África do Sul","Alto","África Sub-sahariana",110,0.717,61.48,14.26364994,11.60696983,13185.56419,0.985,0.710137452,64.181,14.84506989,11.4988699,10423.35232,0.720676609,58.597,13.69876003,11.72364044,16095.30677,45.37444934,54.62555066,50.82,63.46,7.166394002,59.8938855
"SSD","Sudão do Sul","Baixo","África Sub-sahariana",192,0.381,55.567,5.634770141,5.726140022,690.6607575,NA,NA,57.047,4.510310007,4.762169838,NA,NA,54.036,6.738390029,6.189479828,NA,32.33438486,67.66561514,NA,NA,0.171581069,10.9131635
"ESP","Espanha","Muito Alto",NA,27,0.911,83.912,17.80905914,10.60540009,40043.33773,0.988,0.901995576,86.549,18.43926048,10.52787018,32834.64684,0.913042885,81.2,17.20244026,10.68844986,47542.89462,41.36807818,58.63192182,53.19,62.86,4.849112709,47.5586295
"LKA","Sri Lanka","Alto","Ásia do Sul",78,0.78,76.61,13.64182201,11.24960995,11899.49847,0.947,0.750765016,80.23,14.11550272,11.12806034,6241.114077,0.792700012,72.851,13.18408462,11.38661957,17989.8154,5.333333333,94.66666667,29.68,70.69,0.924001861,21.832143
"SDN","Sudão","Baixo","Países Árabes",170,0.516,65.578,8.501687381,3.87,3514.765869,0.868,0.472282386,68.184,8.280140314,3.5,1750.002217,0.543959635,63.048,8.723298593,4.23,5282.106061,31.04166667,68.95833333,28.04,69.07,0.485910197,46.874204
"SUR","Suriname","Mediano","América Latina e Caribe",124,0.69,70.289,10.95909977,8.388631804,12309.99659,0.987,0.68338723,73.577,11.33802032,8.558285912,8820.008976,0.692380914,67.189,10.58965015,8.20187956,15831.64226,29.41176471,70.58823529,42.3,61.69,6.007651084,0.6180405
"SWE","Suécia","Muito Alto",NA,5,0.952,83.505,19.03676987,12.67372015,56995.84796,0.983,0.940947399,85.092,20.65983009,12.84683271,47827.87972,0.957393264,81.902,17.5142498,12.49767169,66019.1684,46.41833811,53.58166189,63.68,70.38,3.680562051,10.549347
"CHE","Suíça","Muito Alto",NA,1,0.967,84.255,16.5837307,13.90406622,69432.78669,0.971,0.949369073,85.932,16.67786026,13.5494734,56927.80503,0.977382747,82.484,16.49819946,14.2685357,82109.4843,39.02439024,60.97560976,61.49,71.94,4.117550141,8.740472
"SYR","Síria","Mediano","Países Árabes",157,0.557,72.3,7.418754527,5.736797587,3594.10679,0.805,0.480880713,76.117,7.170177367,5.417379107,1048.66503,0.597196215,68.671,7.667331688,6.664290294,6132.19446,11.2,88.8,14.43,68.9,1.276342693,22.1252485
"TJK","Tadjiquistão","Mediano","Europa e Ásia Central",126,0.679,71.288,10.86102637,11.28955089,4807.213923,0.919,0.646830216,73.518,10.43384543,10.89829118,3294.847257,0.704031627,69.189,11.27416828,11.64002201,6300.051626,26.59574468,73.40425532,33.31,52.09,1.02362405,9.952787
"TZA","Tanzânia","Baixo","África Sub-sahariana",167,0.532,66.782,8.585740089,5.639967963,2578.156006,0.94,0.516106183,68.93,8.723759651,5.104927611,2194.923507,0.548772873,64.72,8.450329781,6.280633125,2970.337277,36.8556701,63.1443299,75.5,84.52,0.24245485,65.497748
"THA","Tailândia","Muito Alto","Ásia do Leste e Pacífico",66,0.803,79.68,15.58131027,8.834560711,16886.51113,1.011,0.807009612,83.929,15.88201046,8.724169622,15289.05253,0.798492422,75.473,15.29454041,8.952895873,18579.65531,13.97557666,86.02442334,59.86,75.96,3.732051446,71.6970295
"TLS","Timor Leste","Mediano","Ásia do Leste e Pacífico",155,0.566,69.056,13.24177562,6.020059751,1629.160441,0.904,0.534121006,70.815,13.4255446,5.50932282,1145.36569,0.590660294,67.435,13.07257379,6.620224056,2094.126343,40,60,27.91,41.38,0.502444468,1.341296
"TGO","Togo","Baixo","África Sub-sahariana",163,0.547,61.588,12.96236085,5.590314011,2214.233649,0.848,0.505056237,62.227,12.54580104,4.189005873,1743.967858,0.595597935,60.946,14.30199431,7.173578732,2679.451158,18.68131868,81.31868132,79.78,98.58,0.295656513,8.8486985
"TON","Tonga","Alto","Ásia do Leste e Pacífico",98,0.739,71.27,16.28749084,10.88028609,6360.178905,0.996,0.736014254,74.123,17.36092949,10.95345124,5050.794003,0.738976359,68.581,15.22014999,10.79560787,7698.341634,3.703703704,96.2962963,42.96,54.89,1.803201373,0.1068575
"TTO","Trinidad e Tobago","Muito Alto","América Latina e Caribe",60,0.814,74.708,14.1010764,11.73800258,22473.03876,0.992,0.808990149,78.153,14.4262109,11.8669197,17088.10549,0.81528778,71.307,13.75127715,11.61312459,28006.77469,32.43243243,67.56756757,47.28,62.37,23.28987463,1.5310445
"TUN","Tunísia","Alto","Países Árabes",101,0.732,74.263,14.61953746,7.953393173,10296.6496,0.928,0.697668769,77.408,15.51537756,7.277901917,5198.379008,0.751413753,71.367,13.75383953,8.691025971,15528.15685,26.26728111,73.73271889,29.25,71.81,2.874056528,12.356117
"TUR","Turquia","Muito Alto","Europa e Ásia Central",45,0.855,78.475,19.68494987,8.811284129,32833.53512,0.941,0.824979289,81.495,19.56439018,8.07304427,20537.51796,0.876372827,75.38,19.80443954,9.565563719,45076.75429,17.35395189,82.64604811,35.11,71.43,5.340025274,85.341241
"TKM","Turcomenistão","Alto","Europa e Ásia Central",94,0.744,69.41,13.24057961,11.14299353,12859.87406,NA,NA,72.916,13.24944973,10.83326343,NA,NA,65.916,13.23244953,11.47497743,NA,25.73099415,74.26900585,NA,NA,11.03383789,6.4307705
"TUV","Tuvalu","Mediano","Ásia do Leste e Pacífico",132,0.653,64.854,12.10158014,10.64458626,4754.453732,0.975,0.643276599,69.391,12.42263985,10.46696417,3378.31189,0.659490041,61.136,11.83052015,10.81373917,6062.607191,6.25,93.75,20.03,29.63,1.023741521,0.0113115
"UGA","Uganda","Mediano","África Sub-sahariana",159,0.55,63.638,11.49553237,6.235476362,2240.585404,0.899,0.521807851,65.703,11.14553059,5.15520031,1890.385283,0.580322356,61.486,11.89354635,7.698595172,2597.473697,33.81294964,66.18705036,74.53,84.24,0.132002209,47.249585
"UKR","Ucrânia","Alto","Europa e Ásia Central",100,0.734,68.564,13.32800961,11.12330123,11416.2168,1.021,0.741323069,73.904,13.54051018,11.43926415,9024.546023,0.726191704,63.525,13.12753963,10.72435068,14232.99303,20.33096927,79.66903073,47.77,62.87,4.827623136,39.701739
"ARE","Emirados Árabes Unidos","Muito Alto","Países Árabes",17,0.937,79.196,17.20813942,12.77375031,74103.71494,0.986,0.922939594,81.412,19.75328064,12.58837032,51509.56703,0.936027371,77.72,16.37989998,12.90589046,84087.84953,50,50,55.32,89.45,25.33327567,9.4411285
"GBR","Reino Unido","Muito Alto",NA,15,0.94,82.156,17.6342907,13.4061203,46623.90269,0.976,0.926495468,83.834,18.20903969,13.44999981,35910.26203,0.948877869,80.439,17.05068016,13.36056995,57590.60505,31.32022472,68.67977528,59.1,67.98,5.164383683,67.5089355
"USA","Estados Unidos da América","Muito Alto",NA,20,0.927,78.203,16.41274071,13.57549953,65564.93798,1.005,0.927692516,81.015,17.26275063,13.65357018,53469.38514,0.923404861,75.479,15.58568954,13.49328995,77898.33045,28.06026365,71.93973635,56.79,67.97,14.93248748,338.289857
"URY","Uruguai","Muito Alto","América Latina e Caribe",52,0.83,78,17.35183907,9.058219782,22206.99029,1.02,0.831896781,81.685,18.79310989,9.333094784,17426.18154,0.815519884,74.147,15.94713974,8.746097519,27293.52199,26.92307692,73.07692308,55.65,71.38,2.364765079,3.4227935
"UZB","Uzbequistão","Alto","Europa e Ásia Central",106,0.727,71.674,11.99291039,11.91114998,8055.910265,0.924,0.69122666,74.293,12.0212698,11.74777031,4390.288212,0.748479369,69.032,11.96601009,12.07958031,11715.57914,29.09836066,70.90163934,39.92,73.14,3.414998582,34.6276525
"VUT","Vanuatu","Mediano","Ásia do Leste e Pacífico",140,0.614,70.492,11.81160992,7.183209727,3243.980494,0.936,0.591156966,73.067,11.88515019,6.59341665,2445.40719,0.631348601,68.316,11.7450099,7.503930975,4033.438452,1.923076923,98.07692308,26.65,36.36,0.658901976,0.3267405
"VEN","Venezuela","Mediano","América Latina e Caribe",119,0.699,71.105,13.50206427,9.628154421,6184.136,1.002,0.694737413,75.655,14.26300396,9.786442835,4284.554861,0.693063804,66.875,12.38682871,9.469866006,8125.532772,22.15568862,77.84431138,45.21,70.57,2.539494247,28.3016955
"VNM","Vietnã","Alto","Ásia do Leste e Pacífico",107,0.726,74.58,13.05294705,8.455348794,10813.98273,1.007,0.728526748,79.29,13.33436295,8.138282269,9614.831954,0.723329688,69.927,12.79269728,8.789583701,12042.41379,30.26052104,69.73947896,68.54,77.84,3.617121467,98.186856
"YEM","Iêmen","Baixo","Países Árabes",186,0.424,63.72,7.935313345,2.776825958,1105.763435,0.456,0.219081434,67.222,6.881697407,1.754562204,149.9716669,0.480185337,60.493,8.919806255,3.587975855,2041.915582,0.294117647,99.70588235,5.84,64.69,0.351346981,33.696614
"ZMB","Zâmbia","Mediano","África Sub-sahariana",153,0.569,61.803,11.01797045,7.284893177,3157.35862,0.93,0.548135168,64.51,11.07545672,6.432586008,2530.868643,0.589347481,59.058,10.98388292,8.32623795,3800.49076,15.06024096,84.93975904,54.16,66.36,0.444879802,20.017675
"ZWE","Zimbábue","Mediano","África Sub-sahariana",159,0.55,59.391,11.02558696,8.807762621,2078.918063,0.936,0.531924151,62.094,10.69515879,8.190792855,1761.97986,0.56831468,56.428,11.3758358,9.59072389,2433.257978,33.62573099,66.37426901,60.01,71.59,0.524974984,16.320537
